年,區域別,年齡別,性別,總計,識字者合計,識字者_研究所博士畢業數量,識字者_研究所博士肄業數量,識字者_研究所碩士畢業數量,識字者_研究所碩士肄業數量,識字者_大學畢業數量,識字者_大學肄業數量,識字者_專科二三年制畢業數量,識字者_專科_二三年制肄業數量,識字者_專科五年制後二年畢業數量,識字者_專科五年制後二年肄業數量,識字者_高中畢業數量,識字者_高中肄業數量,識字者_高職畢業,識字者_高職肄業,識字者_五專前三年肄業,識字者_國中畢業,識字者_國中肄業,識字者_初職畢業,識字者_初職肄業,識字者_國小畢業,識字者_國小肄業,識字者自修,不識字者
108年底,總計,總計,計,2289541,2280013,26641,9273,231146,41941,684535,145431,136731,16743,135809,6142,148165,64621,263223,45728,7120,125014,24905,3370,753,141866,17034,3822,9528
108年底,總計,總計,男,1075986,1074867,18721,6089,132406,22807,315587,76995,58010,9309,66023,3460,68331,33436,113666,27027,2810,55036,12470,1289,368,44141,6107,779,1119
108年底,總計,總計,女,1213555,1205146,7920,3184,98740,19134,368948,68436,78721,7434,69786,2682,79834,31185,149557,18701,4310,69978,12435,2081,385,97725,10927,3043,8409
108年底,總計,15～19歲,計,118216,118200,0,0,0,0,0,31879,0,457,0,38,2296,43859,2027,19713,4457,2006,7124,0,0,246,4094,4,16
108年底,總計,15～19歲,男,61561,61554,0,0,0,0,0,16353,0,303,0,16,1139,22259,1235,11885,1448,979,3731,0,0,123,2081,2,7
108年底,總計,15～19歲,女,56655,56646,0,0,0,0,0,15526,0,154,0,22,1157,21600,792,7828,3009,1027,3393,0,0,123,2013,2,9
108年底,總計,20～24歲,計,139691,139682,0,63,1133,7800,38786,66607,1068,1498,2232,151,3849,2620,7192,3389,1121,1089,843,0,0,31,207,3,9
108年底,總計,20～24歲,男,72017,72011,0,46,653,4782,17290,35754,643,970,614,84,1749,1229,4416,2231,499,556,389,0,0,13,90,3,6
108年底,總計,20～24歲,女,67674,67671,0,17,480,3018,21496,30853,425,528,1618,67,2100,1391,2776,1158,622,533,454,0,0,18,117,0,3
108年底,總計,25～29歲,計,151496,151485,83,643,17121,7440,89734,14004,2047,1513,1361,62,2548,1476,8230,3108,344,1474,228,0,0,35,30,4,11
108年底,總計,25～29歲,男,76883,76881,55,443,10541,4209,41274,8348,1142,979,343,32,1152,683,4541,1994,189,826,100,0,0,20,8,2,2
108年底,總計,25～29歲,女,74613,74604,28,200,6580,3231,48460,5656,905,534,1018,30,1396,793,3689,1114,155,648,128,0,0,15,22,2,9
108年底,總計,30～34歲,計,169830,169822,879,1234,28993,5368,92752,7886,5121,2297,2248,73,3515,1396,10730,3422,535,2309,722,0,0,190,150,2,8
108年底,總計,30～34歲,男,80739,80736,596,811,15952,2785,39914,4387,2470,1441,633,23,1551,688,5540,2045,286,1184,355,0,0,29,46,0,3
108年底,總計,30～34歲,女,89091,89086,283,423,13041,2583,52838,3499,2651,856,1615,50,1964,708,5190,1377,249,1125,367,0,0,161,104,2,5
108年底,總計,35～39歲,計,224971,224912,2869,1874,39344,5840,100057,7504,18627,3913,5652,937,6549,2776,18739,4164,247,4319,669,0,0,570,246,16,59
108年底,總計,35～39歲,男,105777,105746,1859,1175,21401,3040,42080,3932,7737,2351,2378,509,2910,1579,9568,2471,144,2160,325,0,0,59,64,4,31
108年底,總計,35～39歲,女,119194,119166,1010,699,17943,2800,57977,3572,10890,1562,3274,428,3639,1197,9171,1693,103,2159,344,0,0,511,182,12,28
108年底,總計,40～44歲,計,220766,220683,3774,1586,36763,5488,78460,4753,27066,2376,11563,1035,10817,1444,25207,1786,68,6231,956,0,0,813,474,23,83
108年底,總計,40～44歲,男,102752,102714,2427,1045,19730,2743,32954,2304,10746,1277,5281,624,5192,908,12100,1166,46,3294,480,0,0,187,201,9,38
108年底,總計,40～44歲,女,118014,117969,1347,541,17033,2745,45506,2449,16320,1099,6282,411,5625,536,13107,620,22,2937,476,0,0,626,273,14,45
108年底,總計,45～49歲,計,195734,195635,3268,1431,31176,3883,55922,2273,21716,1221,17460,558,14629,1416,27738,1472,77,8427,1287,0,0,998,642,41,99
108年底,總計,45～49歲,男,90779,90741,2049,909,16893,1951,23538,1092,8675,593,8171,351,6887,907,12280,904,41,4281,663,0,0,267,276,13,38
108年底,總計,45～49歲,女,104955,104894,1219,522,14283,1932,32384,1181,13041,628,9289,207,7742,509,15458,568,36,4146,624,0,0,731,366,28,61
108年底,總計,50～54歲,計,196501,196357,3666,1139,26137,2613,46086,2287,17499,974,21449,706,18129,1694,35103,1723,61,12684,1626,0,0,1911,823,47,144
108年底,總計,50～54歲,男,90706,90661,2380,722,14417,1278,19720,949,7357,389,10338,383,8278,962,14368,1015,38,6268,865,0,0,562,356,16,45
108年底,總計,50～54歲,女,105795,105696,1286,417,11720,1335,26366,1338,10142,585,11111,323,9851,732,20735,708,23,6416,761,0,0,1349,467,31,99
108年底,總計,55～59歲,計,199019,198862,3663,695,18938,1567,44472,2378,13062,826,23036,928,19229,2091,37723,2092,68,19756,2034,60,9,5331,837,67,157
108年底,總計,55～59歲,男,92070,92021,2537,465,11333,834,20381,1036,5665,298,11367,521,8989,1156,14058,1078,43,9442,1003,18,3,1408,359,27,49
108年底,總計,55～59歲,女,106949,106841,1126,230,7605,733,24091,1342,7397,528,11669,407,10240,935,23665,1014,25,10314,1031,42,6,3923,478,40,108
108年底,總計,60～64歲,計,195373,195108,3126,346,12945,871,43411,2172,9754,621,21669,829,19523,2015,36775,2044,61,20423,2425,185,46,14490,1230,147,265
108年底,總計,60～64歲,男,89890,89826,2379,263,8242,500,21415,979,4128,230,11207,479,9652,1107,12988,977,40,9266,1229,75,17,4178,436,39,64
108年底,總計,60～64歲,女,105483,105282,747,83,4703,371,21996,1193,5626,391,10462,350,9871,908,23787,1067,21,11157,1196,110,29,10312,794,108,201
108年底,總計,65歲以上,計,477944,469267,5313,262,18596,1071,94855,3688,20771,1047,29139,825,47081,3834,53759,2815,81,46296,6991,3125,698,117251,8301,3468,8677
108年底,總計,65歲以上,男,212812,211976,4439,210,13244,685,57021,1861,9447,478,15691,438,20832,1958,22572,1261,36,16780,3330,1196,348,37295,2190,664,836
108年底,總計,65歲以上,女,265132,257291,874,52,5352,386,37834,1827,11324,569,13448,387,26249,1876,31187,1554,45,29516,3661,1929,350,79956,6111,2804,7841
108年底,松山區,總計,計,174197,173811,2118,721,21163,3400,60012,10831,10664,1033,11533,476,10762,4829,16996,2466,432,6511,1415,189,26,7062,1012,160,386
108年底,松山區,總計,男,80039,80001,1488,468,12046,1817,27785,5766,4351,533,5182,242,4480,2451,6568,1403,152,2300,633,61,9,1856,388,22,38
108年底,松山區,總計,女,94158,93810,630,253,9117,1583,32227,5065,6313,500,6351,234,6282,2378,10428,1063,280,4211,782,128,17,5206,624,138,348
108年底,松山區,15～19歲,計,9188,9187,0,0,0,0,0,2507,0,34,0,1,189,3615,104,1266,273,220,546,0,0,16,416,0,1
108年底,松山區,15～19歲,男,4799,4798,0,0,0,0,0,1329,0,24,0,0,91,1844,64,772,79,117,270,0,0,6,202,0,1
108年底,松山區,15～19歲,女,4389,4389,0,0,0,0,0,1178,0,10,0,1,98,1771,40,494,194,103,276,0,0,10,214,0,0
108年底,松山區,20～24歲,計,10283,10282,0,5,101,619,2930,5077,58,78,133,7,309,173,407,134,68,76,93,0,0,3,11,0,1
108年底,松山區,20～24歲,男,5315,5314,0,4,75,365,1326,2746,36,60,26,4,140,70,262,86,30,32,46,0,0,2,4,0,1
108年底,松山區,20～24歲,女,4968,4968,0,1,26,254,1604,2331,22,18,107,3,169,103,145,48,38,44,47,0,0,1,7,0,0
108年底,松山區,25～29歲,計,10531,10530,12,44,1288,591,6465,996,96,72,71,6,144,122,375,130,26,74,12,0,0,5,1,0,1
108年底,松山區,25～29歲,男,5342,5342,7,31,786,347,3028,592,52,45,13,4,54,58,194,75,14,37,3,0,0,2,0,0,0
108年底,松山區,25～29歲,女,5189,5188,5,13,502,244,3437,404,44,27,58,2,90,64,181,55,12,37,9,0,0,3,1,0,1
108年底,松山區,30～34歲,計,11792,11792,59,82,2299,452,6734,495,237,125,149,6,226,79,522,135,32,92,47,0,0,9,12,0,0
108年底,松山區,30～34歲,男,5435,5435,40,52,1230,227,2827,277,119,81,41,2,109,32,244,78,8,44,18,0,0,2,4,0,0
108年底,松山區,30～34歲,女,6357,6357,19,30,1069,225,3907,218,118,44,108,4,117,47,278,57,24,48,29,0,0,7,8,0,0
108年底,松山區,35～39歲,計,15899,15894,196,142,3380,448,7657,482,963,237,408,59,399,163,949,188,15,148,32,0,0,17,11,0,5
108年底,松山區,35～39歲,男,7256,7254,112,101,1802,223,3177,251,394,140,154,24,167,88,451,96,9,52,9,0,0,0,4,0,2
108年底,松山區,35～39歲,女,8643,8640,84,41,1578,225,4480,231,569,97,254,35,232,75,498,92,6,96,23,0,0,17,7,0,3
108年底,松山區,40～44歲,計,16902,16898,311,125,3511,419,6875,329,1807,142,925,68,633,68,1303,77,2,227,28,0,0,21,26,1,4
108年底,松山區,40～44歲,男,7447,7446,192,82,1863,207,2724,153,650,68,385,42,290,42,574,39,1,108,6,0,0,4,15,1,1
108年底,松山區,40～44歲,女,9455,9452,119,43,1648,212,4151,176,1157,74,540,26,343,26,729,38,1,119,22,0,0,17,11,0,3
108年底,松山區,45～49歲,計,15541,15536,270,132,3085,354,5351,159,1599,65,1457,49,902,64,1532,66,3,320,54,0,0,29,43,2,5
108年底,松山區,45～49歲,男,6952,6949,165,78,1646,179,2190,69,613,28,662,30,396,46,624,44,3,132,18,0,0,10,15,1,3
108年底,松山區,45～49歲,女,8589,8587,105,54,1439,175,3161,90,986,37,795,19,506,18,908,22,0,188,36,0,0,19,28,1,2
108年底,松山區,50～54歲,計,14787,14780,298,89,2464,198,4269,143,1447,71,1758,60,1128,86,2068,73,1,480,62,0,0,32,52,1,7
108年底,松山區,50～54歲,男,6593,6591,197,54,1359,87,1765,58,554,18,782,26,525,51,788,48,1,217,28,0,0,6,26,1,2
108年底,松山區,50～54歲,女,8194,8189,101,35,1105,111,2504,85,893,53,976,34,603,35,1280,25,0,263,34,0,0,26,26,0,5
108年底,松山區,55～59歲,計,14711,14707,285,56,1831,140,4274,145,1140,59,1930,80,1179,114,2333,106,5,733,80,0,0,155,59,3,4
108年底,松山區,55～59歲,男,6692,6691,203,34,1091,74,1962,56,486,19,882,42,534,64,793,54,3,298,33,0,0,36,26,1,1
108年底,松山區,55～59歲,女,8019,8016,82,22,740,66,2312,89,654,40,1048,38,645,50,1540,52,2,435,47,0,0,119,33,2,3
108年底,松山區,60～64歲,計,14554,14546,236,26,1274,73,4380,152,933,43,1865,70,1284,100,2545,112,3,835,89,1,1,454,63,7,8
108年底,松山區,60～64歲,男,6508,6507,184,18,819,42,2130,58,378,12,857,33,577,54,774,37,3,341,43,0,0,119,26,2,1
108年底,松山區,60～64歲,女,8046,8039,52,8,455,31,2250,94,555,31,1008,37,707,46,1771,75,0,494,46,1,1,335,37,5,7
108年底,松山區,65歲以上,計,40009,39659,451,20,1930,106,11077,346,2384,107,2837,70,4369,245,4858,179,4,3306,372,188,25,6321,318,146,350
108年底,松山區,65歲以上,男,17700,17674,388,14,1375,66,6656,177,1069,38,1380,35,1597,102,1800,74,1,922,159,61,9,1669,66,16,26
108年底,松山區,65歲以上,女,22309,21985,63,6,555,40,4421,169,1315,69,1457,35,2772,143,3058,105,3,2384,213,127,16,4652,252,130,324
108年底,信義區,總計,計,193969,193193,1773,857,19400,3772,59043,14304,12116,686,11928,159,13487,4729,21409,2851,548,10152,2016,342,229,11942,1027,423,776
108年底,信義區,總計,男,91076,91004,1225,549,11238,2082,27669,7733,5352,356,5776,83,6190,2398,9158,1660,216,4243,951,134,93,3513,320,65,72
108年底,信義區,總計,女,102893,102189,548,308,8162,1690,31374,6571,6764,330,6152,76,7297,2331,12251,1191,332,5909,1065,208,136,8429,707,358,704
108年底,信義區,15～19歲,計,9150,9149,0,0,0,0,0,2609,0,42,0,2,182,3118,162,1697,302,131,709,0,0,20,175,0,1
108年底,信義區,15～19歲,男,4810,4809,0,0,0,0,0,1340,0,21,0,1,90,1586,93,1042,101,65,367,0,0,11,92,0,1
108年底,信義區,15～19歲,女,4340,4340,0,0,0,0,0,1269,0,21,0,1,92,1532,69,655,201,66,342,0,0,9,83,0,0
108年底,信義區,20～24歲,計,11292,11292,0,2,77,659,3269,5479,97,128,138,9,280,237,482,238,75,49,62,0,0,0,11,0,0
108年底,信義區,20～24歲,男,5832,5832,0,2,44,414,1487,2942,49,75,35,7,129,111,293,149,33,30,28,0,0,0,4,0,0
108年底,信義區,20～24歲,女,5460,5460,0,0,33,245,1782,2537,48,53,103,2,151,126,189,89,42,19,34,0,0,0,7,0,0
108年底,信義區,25～29歲,計,13020,13019,5,55,1533,647,7856,1528,224,70,119,3,172,92,427,143,21,118,3,0,0,2,1,0,1
108年底,信義區,25～29歲,男,6603,6603,3,36,923,384,3645,896,124,45,33,1,86,42,215,95,13,58,1,0,0,2,1,0,0
108年底,信義區,25～29歲,女,6417,6416,2,19,610,263,4211,632,100,25,86,2,86,50,212,48,8,60,2,0,0,0,0,0,1
108年底,信義區,30～34歲,計,14794,14794,68,103,2633,486,8244,860,491,69,199,11,356,113,817,101,30,181,20,0,0,7,5,0,0
108年底,信義區,30～34歲,男,7038,7038,42,67,1476,253,3532,517,252,36,58,4,148,60,421,57,16,91,8,0,0,0,0,0,0
108年底,信義區,30～34歲,女,7756,7756,26,36,1157,233,4712,343,239,33,141,7,208,53,396,44,14,90,12,0,0,7,5,0,0
108年底,信義區,35～39歲,計,18783,18783,218,182,3367,563,8558,1041,1613,97,478,21,655,99,1424,64,23,306,32,0,0,39,3,0,0
108年底,信義區,35～39歲,男,8794,8794,144,106,1830,284,3648,557,700,51,198,9,275,58,733,29,12,143,13,0,0,4,0,0,0
108年底,信義區,35～39歲,女,9989,9989,74,76,1537,279,4910,484,913,46,280,12,380,41,691,35,11,163,19,0,0,35,3,0,0
108年底,信義區,40～44歲,計,17903,17899,265,153,2930,491,6468,640,2224,57,985,26,1025,106,1929,41,14,414,55,0,0,69,4,3,4
108年底,信義區,40～44歲,男,8439,8438,176,92,1587,270,2762,354,952,30,432,16,498,57,931,22,7,209,26,0,0,15,1,1,1
108年底,信義區,40～44歲,女,9464,9461,89,61,1343,221,3706,286,1272,27,553,10,527,49,998,19,7,205,29,0,0,54,3,2,3
108年底,信義區,45～49歲,計,15969,15962,234,114,2524,305,4723,387,1799,44,1445,19,1314,92,2136,37,17,615,78,0,0,72,5,2,7
108年底,信義區,45～49歲,男,7543,7539,146,72,1391,153,2093,215,730,23,672,10,626,49,973,23,6,307,29,0,0,20,1,0,4
108年底,信義區,45～49歲,女,8426,8423,88,42,1133,152,2630,172,1069,21,773,9,688,43,1163,14,11,308,49,0,0,52,4,2,3
108年底,信義區,50～54歲,計,16482,16469,239,114,2183,247,3879,451,1505,45,1787,23,1770,123,2862,33,16,954,109,0,0,118,6,5,13
108年底,信義區,50～54歲,男,7519,7516,155,76,1172,122,1666,226,658,16,849,14,813,59,1144,15,5,437,58,0,0,29,1,1,3
108年底,信義區,50～54歲,女,8963,8953,84,38,1011,125,2213,225,847,29,938,9,957,64,1718,18,11,517,51,0,0,89,5,4,10
108年底,信義區,55～59歲,計,16718,16714,243,74,1510,127,3728,577,1193,37,1948,17,1845,163,3061,47,7,1619,102,40,6,359,8,3,4
108年底,信義區,55～59歲,男,7750,7749,154,45,947,58,1780,302,490,16,955,10,854,67,1132,27,6,753,51,18,2,78,4,0,1
108年底,信義區,55～59歲,女,8968,8965,89,29,563,69,1948,275,703,21,993,7,991,96,1929,20,1,866,51,22,4,281,4,3,3
108年底,信義區,60～64歲,計,16765,16744,172,35,1087,90,3744,329,976,38,1902,13,1752,201,3186,149,13,1602,189,34,26,1115,76,15,21
108年底,信義區,60～64歲,男,7693,7690,131,32,735,54,1807,180,439,19,995,5,811,122,1155,72,8,677,92,16,11,298,29,2,3
108年底,信義區,60～64歲,女,9072,9054,41,3,352,36,1937,149,537,19,907,8,941,79,2031,77,5,925,97,18,15,817,47,13,18
108年底,信義區,65歲以上,計,43093,42368,329,25,1556,157,8574,403,1994,59,2927,15,4136,385,4923,301,30,4163,657,268,197,10141,733,395,725
108年底,信義區,65歲以上,男,19055,18996,274,21,1133,90,5249,204,958,24,1549,6,1860,187,2068,129,9,1473,278,100,80,3056,187,61,59
108年底,信義區,65歲以上,女,24038,23372,55,4,423,67,3325,199,1036,35,1378,9,2276,198,2855,172,21,2690,379,168,117,7085,546,334,666
108年底,大安區,總計,計,260962,260383,5969,1508,38217,5419,91945,15959,14074,1367,15282,580,16282,7602,20637,3045,486,8772,2436,246,28,8741,1504,284,579
108年底,大安區,總計,男,118951,118887,4188,963,20940,2830,41490,8273,5360,739,6556,306,6468,3771,7796,1735,195,3126,1126,73,6,2275,585,86,64
108年底,大安區,總計,女,142011,141496,1781,545,17277,2589,50455,7686,8714,628,8726,274,9814,3831,12841,1310,291,5646,1310,173,22,6466,919,198,515
108年底,大安區,15～19歲,計,13970,13969,0,0,0,0,0,3629,0,31,0,1,385,5667,145,1622,287,347,1250,0,0,22,583,0,1
108年底,大安區,15～19歲,男,7240,7240,0,0,0,0,0,1856,0,23,0,1,193,2874,84,1008,103,164,647,0,0,7,280,0,0
108年底,大安區,15～19歲,女,6730,6729,0,0,0,0,0,1773,0,8,0,0,192,2793,61,614,184,183,603,0,0,15,303,0,1
108年底,大安區,20～24歲,計,15108,15108,0,12,124,894,3892,7366,71,139,169,6,1024,464,576,153,79,78,40,0,0,4,16,1,0
108年底,大安區,20～24歲,男,7692,7692,0,11,73,543,1709,4015,44,108,38,5,409,198,356,100,25,32,16,0,0,2,7,1,0
108年底,大安區,20～24歲,女,7416,7416,0,1,51,351,2183,3351,27,31,131,1,615,266,220,53,54,46,24,0,0,2,9,0,0
108年底,大安區,25～29歲,計,15005,15005,6,88,2051,900,8989,1201,119,91,93,5,491,118,553,121,24,122,26,0,0,3,4,0,0
108年底,大安區,25～29歲,男,7414,7414,4,58,1208,506,4088,664,71,66,28,3,184,44,330,77,14,57,9,0,0,1,2,0,0
108年底,大安區,25～29歲,女,7591,7591,2,30,843,394,4901,537,48,25,65,2,307,74,223,44,10,65,17,0,0,2,2,0,0
108年底,大安區,30～34歲,計,16249,16248,134,179,3333,651,8938,812,294,159,156,4,262,163,629,205,39,150,109,0,0,12,17,2,1
108年底,大安區,30～34歲,男,7524,7524,85,120,1778,342,3761,433,125,101,47,1,101,66,300,125,16,64,48,0,0,1,10,0,0
108年底,大安區,30～34歲,女,8725,8724,49,59,1555,309,5177,379,169,58,109,3,161,97,329,80,23,86,61,0,0,11,7,2,1
108年底,大安區,35～39歲,計,22932,22932,452,272,5352,708,10926,812,1241,266,454,74,516,249,1058,215,18,228,37,0,0,29,23,2,0
108年底,大安區,35～39歲,男,10180,10180,274,157,2668,347,4424,389,482,153,160,38,216,128,504,102,12,96,15,0,0,4,10,1,0
108年底,大安區,35～39歲,女,12752,12752,178,115,2684,361,6502,423,759,113,294,36,300,121,554,113,6,132,22,0,0,25,13,1,0
108年底,大安區,40～44歲,計,25039,25038,675,247,5943,788,10167,580,2221,175,1060,86,876,81,1565,86,4,341,50,0,0,47,45,1,1
108年底,大安區,40～44歲,男,10884,10884,405,152,2925,364,4009,256,808,88,419,44,412,44,689,54,4,158,19,0,0,12,22,0,0
108年底,大安區,40～44歲,女,14155,14154,270,95,3018,424,6158,324,1413,87,641,42,464,37,876,32,0,183,31,0,0,35,23,1,1
108年底,大安區,45～49歲,計,22664,22662,680,275,5592,577,7741,219,1822,105,1670,43,1233,71,1915,74,5,458,83,0,0,39,55,5,2
108年底,大安區,45～49歲,男,9993,9993,424,174,2855,273,3029,100,673,45,699,20,569,39,768,39,2,216,30,0,0,13,24,1,0
108年底,大安區,45～49歲,女,12671,12669,256,101,2737,304,4712,119,1149,60,971,23,664,32,1147,35,3,242,53,0,0,26,31,4,2
108年底,大安區,50～54歲,計,22219,22210,801,193,4836,347,6628,234,1720,88,2229,54,1459,131,2474,89,5,646,93,0,0,79,100,4,9
108年底,大安區,50～54歲,男,9978,9975,523,123,2516,157,2738,93,678,32,985,35,649,78,936,45,3,283,40,0,0,15,44,2,3
108年底,大安區,50～54歲,女,12241,12235,278,70,2320,190,3890,141,1042,56,1244,19,810,53,1538,44,2,363,53,0,0,64,56,2,6
108年底,大安區,55～59歲,計,22164,22156,846,115,3643,228,6962,239,1440,87,2504,95,1658,150,2675,115,10,973,148,1,0,197,60,10,8
108年底,大安區,55～59歲,男,10105,10100,579,77,2125,113,2990,92,541,30,1112,53,743,80,900,59,7,457,71,0,0,48,18,5,5
108年底,大安區,55～59歲,女,12059,12056,267,38,1518,115,3972,147,899,57,1392,42,915,70,1775,56,3,516,77,1,0,149,42,5,3
108年底,大安區,60～64歲,計,21758,21745,791,72,2657,123,7227,265,1221,70,2547,103,1796,123,2826,123,6,987,125,3,0,587,72,21,13
108年底,大安區,60～64歲,男,9708,9703,580,50,1583,67,3265,116,441,29,1070,60,842,64,814,47,5,421,53,0,0,152,33,11,5
108年底,大安區,60～64歲,女,12050,12042,211,22,1074,56,3962,149,780,41,1477,43,954,59,2012,76,1,566,72,3,0,435,39,10,8
108年底,大安區,65歲以上,計,63854,63310,1584,55,4686,203,20475,602,3925,156,4400,109,6582,385,6221,242,9,4442,475,242,28,7722,529,238,544
108年底,大安區,65歲以上,男,28233,28182,1314,41,3209,118,11477,259,1497,64,1998,46,2150,156,2115,79,4,1178,178,73,6,2020,135,65,51
108年底,大安區,65歲以上,女,35621,35128,270,14,1477,85,8998,343,2428,92,2402,63,4432,229,4106,163,5,3264,297,169,22,5702,394,173,493
108年底,中山區,總計,計,199637,199049,2013,738,19956,3423,61425,11891,11363,1384,12981,597,14402,5404,23120,3584,479,10732,2153,362,54,11129,1545,314,588
108年底,中山區,總計,男,91298,91229,1429,487,11412,1878,28268,6239,4626,755,6229,322,6348,2691,9292,1981,188,4157,1023,129,17,3102,586,70,69
108年底,中山區,總計,女,108339,107820,584,251,8544,1545,33157,5652,6737,629,6752,275,8054,2713,13828,1603,291,6575,1130,233,37,8027,959,244,519
108年底,中山區,15～19歲,計,9038,9038,0,0,0,0,0,2319,0,36,0,3,205,3448,132,1353,269,168,576,0,0,33,496,0,0
108年底,中山區,15～19歲,男,4633,4633,0,0,0,0,0,1177,0,26,0,1,100,1741,83,763,85,85,298,0,0,19,255,0,0
108年底,中山區,15～19歲,女,4405,4405,0,0,0,0,0,1142,0,10,0,2,105,1707,49,590,184,83,278,0,0,14,241,0,0
108年底,中山區,20～24歲,計,11065,11064,0,7,79,556,3019,5260,78,118,192,4,305,250,549,265,82,138,118,0,0,6,38,0,1
108年底,中山區,20～24歲,男,5657,5656,0,5,49,345,1323,2804,48,73,59,2,147,112,355,171,32,54,57,0,0,2,18,0,1
108年底,中山區,20～24歲,女,5408,5408,0,2,30,211,1696,2456,30,45,133,2,158,138,194,94,50,84,61,0,0,4,20,0,0
108年底,中山區,25～29歲,計,12827,12826,7,61,1350,601,7577,1257,149,131,109,10,252,189,666,278,24,123,35,0,0,1,6,0,1
108年底,中山區,25～29歲,男,6505,6505,6,40,855,363,3482,746,72,89,20,6,123,75,368,164,13,70,11,0,0,1,1,0,0
108年底,中山區,25～29歲,女,6322,6321,1,21,495,238,4095,511,77,42,89,4,129,114,298,114,11,53,24,0,0,0,5,0,1
108年底,中山區,30～34歲,計,14831,14831,66,101,2556,452,8141,733,402,195,194,6,340,139,900,307,44,155,58,0,0,21,21,0,0
108年底,中山區,30～34歲,男,6914,6914,43,63,1395,228,3464,384,195,123,47,2,148,66,449,178,28,70,27,0,0,1,3,0,0
108年底,中山區,30～34歲,女,7917,7917,23,38,1161,224,4677,349,207,72,147,4,192,73,451,129,16,85,31,0,0,20,18,0,0
108年底,中山區,35～39歲,計,19766,19764,238,145,3433,491,9158,696,1527,307,485,87,649,257,1512,307,12,328,50,0,0,54,26,2,2
108年底,中山區,35～39歲,男,9120,9119,158,87,1843,250,3819,364,614,194,192,42,286,143,761,190,3,145,21,0,0,3,4,0,1
108年底,中山區,35～39歲,女,10646,10645,80,58,1590,241,5339,332,913,113,293,45,363,114,751,117,9,183,29,0,0,51,22,2,1
108年底,中山區,40～44歲,計,18775,18766,271,124,3095,480,6873,421,2192,180,1018,89,972,109,2097,142,7,475,96,0,0,65,58,2,9
108年底,中山區,40～44歲,男,8558,8553,174,89,1670,254,2926,206,842,99,460,53,442,58,901,94,5,206,39,0,0,11,23,1,5
108年底,中山區,40～44歲,女,10217,10213,97,35,1425,226,3947,215,1350,81,558,36,530,51,1196,48,2,269,57,0,0,54,35,1,4
108年底,中山區,45～49歲,計,16935,16922,250,104,2705,319,5091,200,1789,100,1579,41,1365,111,2233,112,8,658,115,0,0,86,50,6,13
108年底,中山區,45～49歲,男,7696,7692,151,73,1446,156,2187,106,694,48,734,26,612,69,931,63,4,300,57,0,0,15,17,3,4
108年底,中山區,45～49歲,女,9239,9230,99,31,1259,163,2904,94,1095,52,845,15,753,42,1302,49,4,358,58,0,0,71,33,3,9
108年底,中山區,50～54歲,計,17503,17495,290,85,2291,215,4408,189,1451,89,2116,63,1658,148,2971,149,8,1030,128,0,0,126,74,6,8
108年底,中山區,50～54歲,男,7682,7679,190,44,1310,101,1800,76,541,30,1021,32,705,72,1103,74,5,461,55,0,0,28,30,1,3
108年底,中山區,50～54歲,女,9821,9816,100,41,981,114,2608,113,910,59,1095,31,953,76,1868,75,3,569,73,0,0,98,44,5,5
108年底,中山區,55～59歲,計,17927,17916,275,54,1661,127,4197,187,1092,65,2243,104,1840,193,3369,196,10,1626,169,2,0,406,94,6,11
108年底,中山區,55～59歲,男,7966,7962,190,39,968,67,1923,83,442,17,1084,52,828,98,1209,82,7,671,71,0,0,83,44,4,4
108年底,中山區,55～59歲,女,9961,9954,85,15,693,60,2274,104,650,48,1159,52,1012,95,2160,114,3,955,98,2,0,323,50,2,7
108年底,中山區,60～64歲,計,17896,17884,221,34,1194,77,4117,240,838,49,2166,94,1871,175,3376,186,5,1736,210,17,2,1125,128,23,12
108年底,中山區,60～64歲,男,7745,7743,180,27,733,44,1967,101,332,12,1103,54,853,83,1017,81,2,710,107,4,1,273,53,6,2
108年底,中山區,60～64歲,女,10151,10141,41,7,461,33,2150,139,506,37,1063,40,1018,92,2359,105,3,1026,103,13,1,852,75,17,10
108年底,中山區,65歲以上,計,43074,42543,395,23,1592,105,8844,389,1845,114,2879,96,4945,385,5315,289,10,4295,598,343,52,9206,554,269,531
108年底,中山區,65歲以上,男,18822,18773,337,20,1143,70,5377,192,846,44,1509,52,2104,174,2115,121,4,1385,280,125,16,2666,138,55,49
108年底,中山區,65歲以上,女,24252,23770,58,3,449,35,3467,197,999,70,1370,44,2841,211,3200,168,6,2910,318,218,36,6540,416,214,482
108年底,中正區,總計,計,132380,131885,2472,779,17484,2929,42481,8214,7560,903,7512,343,7985,4075,12538,2116,333,5996,1220,145,27,5707,891,175,495
108年底,中正區,總計,男,61919,61845,1711,510,9714,1572,19354,4264,3058,475,3526,199,3582,2038,5279,1269,143,2442,603,34,10,1658,361,43,74
108年底,中正區,總計,女,70461,70040,761,269,7770,1357,23127,3950,4502,428,3986,144,4403,2037,7259,847,190,3554,617,111,17,4049,530,132,421
108年底,中正區,15～19歲,計,7170,7170,0,0,0,0,0,1820,0,18,0,0,166,3021,93,989,203,149,401,0,0,20,290,0,0
108年底,中正區,15～19歲,男,3688,3688,0,0,0,0,0,938,0,12,0,0,83,1469,62,618,76,65,203,0,0,12,150,0,0
108年底,中正區,15～19歲,女,3482,3482,0,0,0,0,0,882,0,6,0,0,83,1552,31,371,127,84,198,0,0,8,140,0,0
108年底,中正區,20～24歲,計,7638,7638,0,4,60,491,2043,3766,41,70,105,3,209,135,339,147,52,78,79,0,0,0,16,0,0
108年底,中正區,20～24歲,男,3954,3954,0,3,40,325,949,1957,25,45,36,1,99,72,205,95,20,41,33,0,0,0,8,0,0
108年底,中正區,20～24歲,女,3684,3684,0,1,20,166,1094,1809,16,25,69,2,110,63,134,52,32,37,46,0,0,0,8,0,0
108年底,中正區,25～29歲,計,7919,7919,1,42,1039,473,4646,720,76,72,60,3,131,89,337,133,18,61,14,0,0,2,2,0,0
108年底,中正區,25～29歲,男,4061,4061,1,27,656,251,2157,435,40,47,18,2,56,34,196,100,7,28,5,0,0,1,0,0,0
108年底,中正區,25～29歲,女,3858,3858,0,15,383,222,2489,285,36,25,42,1,75,55,141,33,11,33,9,0,0,1,2,0,0
108年底,中正區,30～34歲,計,9158,9158,72,91,1825,342,4903,431,202,111,110,3,180,75,478,145,28,93,48,0,0,6,15,0,0
108年底,中正區,30～34歲,男,4277,4277,46,60,930,196,2095,228,97,69,26,1,74,37,241,89,17,43,22,0,0,1,5,0,0
108年底,中正區,30～34歲,女,4881,4881,26,31,895,146,2808,203,105,42,84,2,106,38,237,56,11,50,26,0,0,5,10,0,0
108年底,中正區,35～39歲,計,13006,13003,216,195,2801,433,5868,402,845,199,278,59,325,157,816,161,14,164,23,0,0,31,16,0,3
108年底,中正區,35～39歲,男,5892,5891,135,126,1440,216,2374,207,327,121,111,30,134,93,385,87,9,76,11,0,0,4,5,0,1
108年底,中正區,35～39歲,女,7114,7112,81,69,1361,217,3494,195,518,78,167,29,191,64,431,74,5,88,12,0,0,27,11,0,2
108年底,中正區,40～44歲,計,13904,13899,383,134,3008,461,5217,302,1433,137,643,61,546,63,1086,68,1,256,47,0,0,34,19,0,5
108年底,中正區,40～44歲,男,6240,6237,248,86,1562,207,2077,144,527,68,266,37,265,31,505,42,0,135,20,0,0,7,10,0,3
108年底,中正區,40～44歲,女,7664,7662,135,48,1446,254,3140,158,906,69,377,24,281,32,581,26,1,121,27,0,0,27,9,0,2
108年底,中正區,45～49歲,計,11871,11863,326,123,2500,316,3662,117,1146,74,972,22,761,66,1201,52,4,360,54,0,0,49,55,3,8
108年底,中正區,45～49歲,男,5417,5414,200,78,1334,151,1502,63,420,37,452,17,374,39,495,36,4,159,27,0,0,7,18,1,3
108年底,中正區,45～49歲,女,6454,6449,126,45,1166,165,2160,54,726,37,520,5,387,27,706,16,0,201,27,0,0,42,37,2,5
108年底,中正區,50～54歲,計,11006,10996,348,89,2042,168,2873,116,867,53,1142,39,859,73,1531,77,1,511,74,0,0,66,65,2,10
108年底,中正區,50～54歲,男,5043,5040,210,59,1066,80,1227,40,346,18,531,21,392,46,617,42,1,256,37,0,0,17,33,1,3
108年底,中正區,50～54歲,女,5963,5956,138,30,976,88,1646,76,521,35,611,18,467,27,914,35,0,255,37,0,0,49,32,1,7
108年底,中正區,55～59歲,計,10877,10867,342,52,1457,94,2855,117,707,57,1191,55,928,85,1735,93,3,812,88,3,0,137,50,6,10
108年底,中正區,55～59歲,男,5117,5115,244,37,850,42,1244,44,310,15,601,36,432,45,645,55,2,400,44,0,0,40,24,5,2
108年底,中正區,55～59歲,女,5760,5752,98,15,607,52,1611,73,397,42,590,19,496,40,1090,38,1,412,44,3,0,97,26,1,8
108年底,中正區,60～64歲,計,10689,10671,266,23,1049,75,2911,142,602,37,1198,42,972,95,1717,104,3,844,81,7,3,445,49,6,18
108年底,中正區,60～64歲,男,5016,5014,195,13,628,49,1393,66,240,11,611,21,481,57,636,44,2,375,44,1,1,122,22,2,2
108年底,中正區,60～64歲,女,5673,5657,71,10,421,26,1518,76,362,26,587,21,491,38,1081,60,1,469,37,6,2,323,27,4,16
108年底,中正區,65歲以上,計,29142,28701,518,26,1703,76,7503,281,1641,75,1813,56,2908,216,3205,147,6,2668,311,135,24,4917,314,158,441
108年底,中正區,65歲以上,男,13214,13154,432,21,1208,55,4336,142,726,32,874,33,1192,115,1292,61,5,864,157,33,9,1447,86,34,60
108年底,中正區,65歲以上,女,15928,15547,86,5,495,21,3167,139,915,43,939,23,1716,101,1913,86,1,1804,154,102,15,3470,228,124,381
108年底,大同區,總計,計,109729,109205,706,296,7795,1667,28100,6568,6557,980,6296,349,8349,3446,15025,2878,371,7639,1689,376,61,8821,1011,225,524
108年底,大同區,總計,男,52703,52637,504,194,4633,906,12978,3457,2832,579,3388,205,4277,1903,6882,1689,167,3763,810,174,39,2849,361,47,66
108年底,大同區,總計,女,57026,56568,202,102,3162,761,15122,3111,3725,401,2908,144,4072,1543,8143,1189,204,3876,879,202,22,5972,650,178,458
108年底,大同區,15～19歲,計,5376,5373,0,0,0,0,0,1404,0,19,0,6,63,1858,121,1110,230,73,231,0,0,13,244,1,3
108年底,大同區,15～19歲,男,2811,2810,0,0,0,0,0,710,0,11,0,2,25,960,71,658,91,34,129,0,0,5,114,0,1
108年底,大同區,15～19歲,女,2565,2563,0,0,0,0,0,694,0,8,0,4,38,898,50,452,139,39,102,0,0,8,130,1,2
108年底,大同區,20～24歲,計,6400,6400,0,3,51,346,1829,2889,51,67,135,6,119,144,379,228,64,38,42,0,0,1,8,0,0
108年底,大同區,20～24歲,男,3277,3277,0,3,32,198,790,1544,30,44,43,3,60,82,225,146,32,23,17,0,0,0,5,0,0
108年底,大同區,20～24歲,女,3123,3123,0,0,19,148,1039,1345,21,23,92,3,59,62,154,82,32,15,25,0,0,1,3,0,0
108年底,大同區,25～29歲,計,7174,7174,2,27,727,312,4089,733,124,106,75,3,125,110,470,202,12,49,4,0,0,1,2,1,0
108年底,大同區,25～29歲,男,3648,3648,2,19,454,174,1879,422,73,73,21,0,62,65,242,118,7,33,4,0,0,0,0,0,0
108年底,大同區,25～29歲,女,3526,3526,0,8,273,138,2210,311,51,33,54,3,63,45,228,84,5,16,0,0,0,1,2,1,0
108年底,大同區,30～34歲,計,8386,8386,28,48,1166,212,4517,455,329,130,126,3,179,82,655,265,28,108,38,0,0,13,4,0,0
108年底,大同區,30～34歲,男,4021,4021,22,33,665,115,1946,247,144,85,35,0,74,37,363,156,16,60,19,0,0,2,2,0,0
108年底,大同區,30～34歲,女,4365,4365,6,15,501,97,2571,208,185,45,91,3,105,45,292,109,12,48,19,0,0,11,2,0,0
108年底,大同區,35～39歲,計,11405,11400,99,64,1518,281,4895,360,1078,291,336,70,396,154,1183,280,16,295,40,0,0,29,14,1,5
108年底,大同區,35～39歲,男,5370,5368,64,37,858,153,2013,179,443,175,165,43,182,91,606,165,9,163,20,0,0,1,1,0,2
108年底,大同區,35～39歲,女,6035,6032,35,27,660,128,2882,181,635,116,171,27,214,63,577,115,7,132,20,0,0,28,13,1,3
108年底,大同區,40～44歲,計,11018,11012,134,59,1394,219,3558,233,1518,175,620,53,723,119,1555,108,2,411,63,0,0,41,26,1,6
108年底,大同區,40～44歲,男,5369,5367,92,39,814,114,1594,124,608,92,309,30,358,82,759,74,1,228,33,0,0,4,11,1,2
108年底,大同區,40～44歲,女,5649,5645,42,20,580,105,1964,109,910,83,311,23,365,37,796,34,1,183,30,0,0,37,15,0,4
108年底,大同區,45～49歲,計,9039,9036,94,35,985,125,2214,101,1116,69,867,45,872,109,1593,103,2,516,81,0,0,59,47,3,3
108年底,大同區,45～49歲,男,4296,4295,62,22,571,60,945,49,430,43,440,26,427,67,737,51,0,280,40,0,0,22,22,1,1
108年底,大同區,45～49歲,女,4743,4741,32,13,414,65,1269,52,686,26,427,19,445,42,856,52,2,236,41,0,0,37,25,2,2
108年底,大同區,50～54歲,計,9076,9068,85,28,750,81,1770,82,774,41,1018,32,1063,115,2010,103,2,836,117,0,0,110,49,2,8
108年底,大同區,50～54歲,男,4425,4423,55,16,443,47,849,39,331,17,546,17,523,72,858,60,2,427,62,0,0,36,23,0,2
108年底,大同區,50～54歲,女,4651,4645,30,12,307,34,921,43,443,24,472,15,540,43,1152,43,0,409,55,0,0,74,26,2,6
108年底,大同區,55～59歲,計,9386,9381,77,15,500,45,1442,93,547,26,1047,43,1113,204,2243,153,7,1283,140,2,0,355,45,1,5
108年底,大同區,55～59歲,男,4521,4519,54,11,307,28,713,39,251,10,590,23,552,115,903,77,3,644,71,0,0,106,22,0,2
108年底,大同區,55～59歲,女,4865,4862,23,4,193,17,729,54,296,16,457,20,561,89,1340,76,4,639,69,2,0,249,23,1,3
108年底,大同區,60～64歲,計,9261,9236,76,8,300,25,1258,88,359,21,934,43,1200,200,2044,143,6,1343,190,41,3,862,81,11,25
108年底,大同區,60～64歲,男,4435,4430,64,6,211,7,667,35,180,9,528,27,641,129,754,77,4,674,90,21,2,273,28,3,5
108年底,大同區,60～64歲,女,4826,4806,12,2,89,18,591,53,179,12,406,16,559,71,1290,66,2,669,100,20,1,589,53,8,20
108年底,大同區,65歲以上,計,23208,22739,111,9,404,21,2528,130,661,35,1138,45,2496,351,2772,183,2,2687,743,333,58,7337,491,204,469
108年底,大同區,65歲以上,男,10530,10479,89,8,278,10,1582,69,342,20,711,34,1373,203,1364,107,2,1197,325,153,37,2400,133,42,51
108年底,大同區,65歲以上,女,12678,12260,22,1,126,11,946,61,319,15,427,11,1123,148,1408,76,0,1490,418,180,21,4937,358,162,418
108年底,萬華區,總計,計,167154,165884,922,407,10117,2320,38191,9673,9479,1628,8515,565,12637,4395,24133,5097,609,15044,2560,369,84,16819,1787,533,1270
108年底,萬華區,總計,男,81260,81110,659,278,6046,1331,18210,5133,4363,902,4765,356,6476,2464,11606,3055,244,7191,1368,176,49,5749,587,102,150
108年底,萬華區,總計,女,85894,84774,263,129,4071,989,19981,4540,5116,726,3750,209,6161,1931,12527,2042,365,7853,1192,193,35,11070,1200,431,1120
108年底,萬華區,15～19歲,計,7545,7541,0,0,0,0,0,2005,0,44,0,0,117,2334,218,1794,364,100,364,0,0,26,173,2,4
108年底,萬華區,15～19歲,男,3945,3944,0,0,0,0,0,1015,0,27,0,0,64,1218,124,1048,105,46,199,0,0,13,83,2,1
108年底,萬華區,15～19歲,女,3600,3597,0,0,0,0,0,990,0,17,0,0,53,1116,94,746,259,54,165,0,0,13,90,0,3
108年底,萬華區,20～24歲,計,9641,9641,0,2,74,485,2595,4301,108,131,165,8,161,111,829,426,77,103,46,0,0,2,16,1,0
108年底,萬華區,20～24歲,男,4992,4992,0,1,33,301,1123,2277,64,76,37,5,88,65,501,283,37,70,24,0,0,0,6,1,0
108年底,萬華區,20～24歲,女,4649,4649,0,1,41,184,1472,2024,44,55,128,3,73,46,328,143,40,33,22,0,0,2,10,0,0
108年底,萬華區,25～29歲,計,11175,11174,7,37,997,463,6132,1113,175,166,102,3,182,103,980,449,43,203,16,0,0,1,1,1,1
108年底,萬華區,25～29歲,男,5675,5675,6,28,601,268,2826,645,96,92,22,1,79,56,512,280,27,122,12,0,0,1,0,1,0
108年底,萬華區,25～29歲,女,5500,5499,1,9,396,195,3306,468,79,74,80,2,103,47,468,169,16,81,4,0,0,0,1,0,1
108年底,萬華區,30～34歲,計,12576,12574,52,63,1639,329,6425,609,528,260,166,3,299,102,1147,459,60,333,64,0,0,25,11,0,2
108年底,萬華區,30～34歲,男,6170,6169,40,43,925,181,2889,335,251,158,49,1,128,61,572,282,33,184,33,0,0,1,3,0,1
108年底,萬華區,30～34歲,女,6406,6405,12,20,714,148,3536,274,277,102,117,2,171,41,575,177,27,149,31,0,0,24,8,0,1
108年底,萬華區,35～39歲,計,16677,16671,130,87,2117,344,6426,535,1617,385,445,86,654,336,2042,560,28,617,135,0,0,96,30,1,6
108年底,萬華區,35～39歲,男,8308,8303,90,61,1241,197,2812,306,714,226,206,46,317,215,1101,338,15,330,74,0,0,5,9,0,5
108年底,萬華區,35～39歲,女,8369,8368,40,26,876,147,3614,229,903,159,239,40,337,121,941,222,13,287,61,0,0,91,21,1,1
108年底,萬華區,40～44歲,計,15412,15402,133,71,1550,270,4364,321,2091,247,812,111,1100,176,2649,231,7,908,157,0,0,136,66,2,10
108年底,萬華區,40～44歲,男,7770,7767,92,51,902,143,1983,172,945,136,445,77,523,113,1409,151,6,491,75,0,0,33,20,0,3
108年底,萬華區,40～44歲,女,7642,7635,41,20,648,127,2381,149,1146,111,367,34,577,63,1240,80,1,417,82,0,0,103,46,2,7
108年底,萬華區,45～49歲,計,13438,13422,124,63,1101,173,2762,164,1521,113,1218,56,1386,174,2735,167,9,1168,186,0,0,211,84,7,16
108年底,萬華區,45～49歲,男,6585,6582,80,36,646,95,1265,78,633,57,681,36,669,121,1314,113,5,573,99,0,0,53,26,2,3
108年底,萬華區,45～49歲,女,6853,6840,44,27,455,78,1497,86,888,56,537,20,717,53,1421,54,4,595,87,0,0,158,58,5,13
108年底,萬華區,50～54歲,計,14161,14130,111,44,951,122,2192,149,1176,82,1411,78,1720,203,3276,243,7,1656,216,0,0,372,112,9,31
108年底,萬華區,50～54歲,男,6929,6926,68,29,584,58,994,69,552,38,771,51,870,123,1503,155,6,818,106,0,0,100,29,2,3
108年底,萬華區,50～54歲,女,7232,7204,43,15,367,64,1198,80,624,44,640,27,850,80,1773,88,1,838,110,0,0,272,83,7,28
108年底,萬華區,55～59歲,計,14820,14778,114,19,667,74,1946,149,753,80,1376,85,1915,249,3384,284,7,2559,261,5,2,708,132,9,42
108年底,萬華區,55～59歲,男,7051,7041,78,12,408,50,988,59,367,33,772,51,941,146,1383,146,5,1220,134,0,1,196,50,1,10
108年底,萬華區,55～59歲,女,7769,7737,36,7,259,24,958,90,386,47,604,34,974,103,2001,138,2,1339,127,5,1,512,82,8,32
108年底,萬華區,60～64歲,計,14524,14481,101,13,416,35,1786,122,513,51,1261,63,1772,238,3073,216,3,2563,314,22,2,1715,187,15,43
108年底,萬華區,60～64歲,男,6979,6967,78,10,277,22,977,57,235,25,771,39,950,120,1321,123,2,1235,171,11,0,474,68,1,12
108年底,萬華區,60～64歲,女,7545,7514,23,3,139,13,809,65,278,26,490,24,822,118,1752,93,1,1328,143,11,2,1241,119,14,31
108年底,萬華區,65歲以上,計,37185,36070,150,8,605,25,3563,205,997,69,1559,72,3331,369,3800,268,4,4834,801,342,80,13527,975,486,1115
108年底,萬華區,65歲以上,男,16856,16744,127,7,429,16,2353,120,506,34,1011,49,1847,226,1866,136,3,2102,441,165,48,4873,293,92,112
108年底,萬華區,65歲以上,女,20329,19326,23,1,176,9,1210,85,491,35,548,23,1484,143,1934,132,1,2732,360,177,32,8654,682,394,1003
108年底,文山區,總計,計,234955,233922,3358,1072,25406,4956,69859,16157,15239,1849,13040,623,13816,6962,26843,5098,628,11520,2166,216,33,12817,1834,430,1033
108年底,文山區,總計,男,110993,110868,2332,702,14599,2656,31863,8682,6529,1032,6392,355,6360,3541,11811,3140,182,4984,1081,67,15,3804,653,88,125
108年底,文山區,總計,女,123962,123054,1026,370,10807,2300,37996,7475,8710,817,6648,268,7456,3421,15032,1958,446,6536,1085,149,18,9013,1181,342,908
108年底,文山區,15～19歲,計,13469,13469,0,0,0,0,0,3748,0,67,0,2,233,5194,235,2294,423,150,554,0,0,20,548,1,0
108年底,文山區,15～19歲,男,7063,7063,0,0,0,0,0,1975,0,51,0,1,111,2593,146,1431,92,71,299,0,0,8,285,0,0
108年底,文山區,15～19歲,女,6406,6406,0,0,0,0,0,1773,0,16,0,1,122,2601,89,863,331,79,255,0,0,12,263,1,0
108年底,文山區,20～24歲,計,15991,15990,0,8,137,942,4394,7926,134,169,199,9,322,192,819,446,83,91,96,0,0,2,21,0,1
108年底,文山區,20～24歲,男,8274,8274,0,5,71,560,1956,4280,83,105,47,5,147,91,502,289,21,49,50,0,0,2,11,0,0
108年底,文山區,20～24歲,女,7717,7716,0,3,66,382,2438,3646,51,64,152,4,175,101,317,157,62,42,46,0,0,0,10,0,1
108年底,文山區,25～29歲,計,16165,16164,13,83,1896,908,9486,1490,184,143,128,5,209,129,923,370,23,140,25,0,0,6,3,0,1
108年底,文山區,25～29歲,男,8304,8304,7,58,1158,499,4362,930,110,91,25,1,104,68,524,256,9,83,14,0,0,4,1,0,0
108年底,文山區,25～29歲,女,7861,7860,6,25,738,409,5124,560,74,52,103,4,105,61,399,114,14,57,11,0,0,2,2,0,1
108年底,文山區,30～34歲,計,17108,17107,94,135,3137,610,9176,734,479,241,228,7,290,110,1150,347,45,202,86,0,0,25,11,0,1
108年底,文山區,30～34歲,男,8083,8083,61,89,1706,307,3848,416,220,160,59,2,131,61,621,216,28,104,40,0,0,9,5,0,0
108年底,文山區,30～34歲,女,9025,9024,33,46,1431,303,5328,318,259,81,169,5,159,49,529,131,17,98,46,0,0,16,6,0,1
108年底,文山區,35～39歲,計,22480,22468,323,180,4102,638,9851,650,1875,413,553,91,539,209,1992,431,28,436,76,0,0,53,26,2,12
108年底,文山區,35～39歲,男,10698,10691,216,116,2253,344,4189,344,787,247,238,48,247,101,1031,264,16,198,39,0,0,7,5,1,7
108年底,文山區,35～39歲,女,11782,11777,107,64,1849,294,5662,306,1088,166,315,43,292,108,961,167,12,238,37,0,0,46,21,1,5
108年底,文山區,40～44歲,計,22515,22507,449,170,3899,594,7899,405,2800,264,1177,103,979,119,2597,198,3,603,92,0,0,99,55,2,8
108年底,文山區,40～44歲,男,10364,10359,285,109,2113,286,3273,184,1087,144,519,57,459,73,1256,133,2,281,49,0,0,25,24,0,5
108年底,文山區,40～44歲,女,12151,12148,164,61,1786,308,4626,221,1713,120,658,46,520,46,1341,65,1,322,43,0,0,74,31,2,3
108年底,文山區,45～49歲,計,21204,21191,425,167,3574,485,6001,232,2599,138,1744,73,1353,133,2973,181,8,805,113,0,0,123,61,3,13
108年底,文山區,45～49歲,男,9777,9771,256,100,1953,247,2493,105,1045,61,768,52,625,88,1345,117,6,375,66,0,0,39,28,2,6
108年底,文山區,45～49歲,女,11427,11420,169,67,1621,238,3508,127,1554,77,976,21,728,45,1628,64,2,430,47,0,0,84,33,1,7
108年底,文山區,50～54歲,計,21917,21904,507,152,3166,365,5307,212,2228,128,2206,83,1765,156,3868,183,6,1172,142,0,0,186,67,5,13
108年底,文山區,50～54歲,男,10248,10240,319,95,1748,180,2223,82,965,57,1073,44,821,81,1659,107,4,603,81,0,0,64,32,2,8
108年底,文山區,50～54歲,女,11669,11664,188,57,1418,185,3084,130,1263,71,1133,39,944,75,2209,76,2,569,61,0,0,122,35,3,5
108年底,文山區,55～59歲,計,20846,20835,506,93,2235,216,4917,197,1586,82,2336,92,1854,188,3819,210,4,1746,196,3,0,471,77,7,11
108年底,文山區,55～59歲,男,9826,9823,344,64,1357,120,2239,83,731,30,1165,52,859,113,1456,113,1,842,91,0,0,131,29,3,3
108年底,文山區,55～59歲,女,11020,11012,162,29,878,96,2678,114,855,52,1171,40,995,75,2363,97,3,904,105,3,0,340,48,4,8
108年底,文山區,60～64歲,計,19139,19107,425,52,1447,93,4290,203,1174,97,1916,81,1891,182,3583,193,4,1895,202,9,1,1243,113,13,32
108年底,文山區,60～64歲,男,8955,8945,326,39,935,47,2157,89,477,33,1038,51,941,97,1289,101,2,837,102,4,0,347,30,3,10
108年底,文山區,60～64歲,女,10184,10162,99,13,512,46,2133,114,697,64,878,30,950,85,2294,92,2,1058,100,5,1,896,83,10,22
108年底,文山區,65歲以上,計,44121,43180,616,32,1813,105,8538,360,2180,107,2553,77,4381,350,4884,245,1,4280,584,204,32,10589,852,397,941
108年底,文山區,65歲以上,男,19401,19315,518,27,1305,66,5123,194,1024,53,1460,42,1915,175,1982,113,1,1541,250,63,15,3168,203,77,86
108年底,文山區,65歲以上,女,24720,23865,98,5,508,39,3415,166,1156,54,1093,35,2466,175,2902,132,0,2739,334,141,17,7421,649,320,855
108年底,南港區,總計,計,104666,104006,1026,382,8583,1677,27868,6645,6713,1018,5604,288,6140,2725,14160,3093,377,6604,1347,83,17,8589,850,217,660
108年底,南港區,總計,男,50546,50482,742,261,5112,940,12845,3578,3095,581,2855,165,3049,1432,6658,1851,114,3226,739,41,9,2860,283,46,64
108年底,南港區,總計,女,54120,53524,284,121,3471,737,15023,3067,3618,437,2749,123,3091,1293,7502,1242,263,3378,608,42,8,5729,567,171,596
108年底,南港區,15～19歲,計,5656,5656,0,0,0,0,0,1578,0,24,0,2,90,1803,118,1263,241,90,349,0,0,9,89,0,0
108年底,南港區,15～19歲,男,3030,3030,0,0,0,0,0,844,0,16,0,1,43,935,74,770,52,42,196,0,0,5,52,0,0
108年底,南港區,15～19歲,女,2626,2626,0,0,0,0,0,734,0,8,0,1,47,868,44,493,189,48,153,0,0,4,37,0,0
108年底,南港區,20～24歲,計,6649,6648,0,1,52,333,1888,3117,61,83,126,5,120,52,453,206,61,57,24,0,0,3,6,0,1
108年底,南港區,20～24歲,男,3432,3431,0,1,27,210,827,1709,33,54,31,2,55,27,267,124,19,29,13,0,0,1,2,0,1
108年底,南港區,20～24歲,女,3217,3217,0,0,25,123,1061,1408,28,29,95,3,65,25,186,82,42,28,11,0,0,2,4,0,0
108年底,南港區,25～29歲,計,7323,7323,2,37,730,318,4412,563,108,80,74,5,93,34,526,224,13,90,10,0,0,0,3,1,0
108年底,南港區,25～29歲,男,3662,3662,2,24,456,187,1993,317,58,50,5,1,49,15,294,152,6,47,3,0,0,0,2,1,0
108年底,南港區,25～29歲,女,3661,3661,0,13,274,131,2419,246,50,30,69,4,44,19,232,72,7,43,7,0,0,0,1,0,0
108年底,南港區,30～34歲,計,8401,8401,54,47,1312,229,4461,377,297,142,101,0,164,67,673,261,27,123,49,0,0,14,3,0,0
108年底,南港區,30～34歲,男,4064,4064,46,36,741,116,1927,219,150,88,24,0,67,33,363,149,13,65,27,0,0,0,0,0,0
108年底,南港區,30～34歲,女,4337,4337,8,11,571,113,2534,158,147,54,77,0,97,34,310,112,14,58,22,0,0,14,3,0,0
108年底,南港區,35～39歲,計,11370,11364,165,87,1734,214,4799,310,1111,258,284,48,324,136,1143,372,18,272,46,0,0,31,11,1,6
108年底,南港區,35～39歲,男,5547,5542,111,58,1009,120,2051,162,484,158,122,31,141,69,625,224,13,133,24,0,0,4,3,0,5
108年底,南港區,35～39歲,女,5823,5822,54,29,725,94,2748,148,627,100,162,17,183,67,518,148,5,139,22,0,0,27,8,1,1
108年底,南港區,40～44歲,計,10813,10807,172,61,1461,243,3439,200,1495,167,605,60,487,86,1623,158,3,404,69,0,0,53,21,0,6
108年底,南港區,40～44歲,男,5346,5344,117,40,830,123,1542,110,631,99,300,36,249,56,831,106,1,218,37,0,0,7,11,0,2
108年底,南港區,40～44歲,女,5467,5463,55,21,631,120,1897,90,864,68,305,24,238,30,792,52,2,186,32,0,0,46,10,0,4
108年底,南港區,45～49歲,計,9207,9199,122,60,1092,143,2180,105,1209,76,830,28,730,87,1744,129,3,497,70,0,0,59,32,3,8
108年底,南港區,45～49歲,男,4479,4475,88,37,638,80,941,44,546,43,396,15,347,56,840,79,2,251,39,0,0,20,13,0,4
108年底,南港區,45～49歲,女,4728,4724,34,23,454,63,1239,61,663,33,434,13,383,31,904,50,1,246,31,0,0,39,19,3,4
108年底,南港區,50～54歲,計,8996,8995,127,34,870,91,1672,95,891,53,916,42,882,104,2012,127,1,836,99,0,0,113,29,1,1
108年底,南港區,50～54歲,男,4298,4297,81,21,517,41,756,37,408,16,456,22,404,56,848,69,1,451,63,0,0,34,15,1,1
108年底,南港區,50～54歲,女,4698,4698,46,13,353,50,916,58,483,37,460,20,478,48,1164,58,0,385,36,0,0,79,14,0,0
108年底,南港區,55～59歲,計,8792,8778,103,38,559,53,1468,102,599,45,889,31,852,119,2043,121,4,1171,150,1,0,381,47,2,14
108年底,南港區,55～59歲,男,4224,4219,73,29,337,28,692,45,308,20,480,19,411,64,820,62,3,620,77,0,0,106,25,0,5
108年底,南港區,55～59歲,女,4568,4559,30,9,222,25,776,57,291,25,409,12,441,55,1223,59,1,551,73,1,0,275,22,2,9
108年底,南港區,60～64歲,計,8282,8271,95,12,322,25,1277,79,401,41,818,31,839,79,1717,107,3,1152,137,2,0,1062,63,9,11
108年底,南港區,60～64歲,男,3928,3926,69,11,222,17,682,36,185,11,464,20,439,38,701,54,3,546,78,0,0,325,23,2,2
108年底,南港區,60～64歲,女,4354,4345,26,1,100,8,595,43,216,30,354,11,400,41,1016,53,0,606,59,2,0,737,40,7,9
108年底,南港區,65歲以上,計,19177,18564,186,5,451,28,2272,119,541,49,961,36,1559,158,2108,125,3,1912,344,80,17,6864,546,200,613
108年底,南港區,65歲以上,男,8536,8492,155,4,335,18,1434,55,292,26,577,18,844,83,995,62,1,824,182,41,9,2358,137,42,44
108年底,南港區,65歲以上,女,10641,10072,31,1,116,10,838,64,249,23,384,18,715,75,1113,63,2,1088,162,39,8,4506,409,158,569
108年底,內湖區,總計,計,244601,243717,1952,869,24164,4459,75973,16089,15044,1825,16230,713,14389,7074,29095,4871,948,11891,2291,551,75,13428,1465,321,884
108年底,內湖區,總計,男,115049,114962,1375,589,14146,2489,34844,8560,6280,1008,7736,385,6720,3634,12384,2961,346,5289,1174,203,50,4238,485,66,87
108年底,內湖區,總計,女,129552,128755,577,280,10018,1970,41129,7529,8764,817,8494,328,7669,3440,16711,1910,602,6602,1117,348,25,9190,980,255,797
108年底,內湖區,15～19歲,計,13696,13695,0,0,0,0,0,3878,0,47,0,11,248,5145,225,2163,652,201,838,0,0,9,278,0,1
108年底,內湖區,15～19歲,男,7038,7038,0,0,0,0,0,1939,0,29,0,6,131,2592,142,1311,204,98,434,0,0,6,146,0,0
108年底,內湖區,15～19歲,女,6658,6657,0,0,0,0,0,1939,0,18,0,5,117,2553,83,852,448,103,404,0,0,3,132,0,1
108年底,內湖區,20～24歲,計,16616,16614,0,3,148,989,4885,7832,112,169,284,22,384,313,776,379,139,87,70,0,0,4,18,0,2
108年底,內湖區,20～24歲,男,8610,8609,0,1,78,600,2201,4233,64,109,80,10,189,143,487,257,64,52,33,0,0,1,7,0,1
108年底,內湖區,20～24歲,女,8006,8005,0,2,70,389,2684,3599,48,60,204,12,195,170,289,122,75,35,37,0,0,3,11,0,1
108年底,內湖區,25～29歲,計,18431,18431,12,59,2184,826,11372,1475,211,149,219,8,260,148,953,331,56,143,19,0,0,4,2,0,0
108年底,內湖區,25～29歲,男,9382,9382,7,48,1379,467,5218,916,112,95,65,4,134,69,528,216,21,93,8,0,0,1,1,0,0
108年底,內湖區,25～29歲,女,9049,9049,5,11,805,359,6154,559,99,54,154,4,126,79,425,115,35,50,11,0,0,3,1,0,0
108年底,內湖區,30～34歲,計,20682,20682,93,147,3671,592,11668,816,587,272,303,11,440,117,1216,322,50,290,49,0,0,21,17,0,0
108年底,內湖區,30～34歲,男,9768,9768,61,87,2024,310,4974,465,278,167,72,4,213,54,649,207,22,148,23,0,0,3,7,0,0
108年底,內湖區,30～34歲,女,10914,10914,32,60,1647,282,6694,351,309,105,231,7,227,63,567,115,28,142,26,0,0,18,10,0,0
108年底,內湖區,35～39歲,計,25833,25828,300,174,4452,590,11837,678,2285,451,706,97,674,278,2190,467,25,474,66,0,0,63,17,4,5
108年底,內湖區,35～39歲,男,12218,12217,204,108,2488,321,4980,373,957,271,274,55,298,162,1106,307,16,248,35,0,0,7,6,1,1
108年底,內湖區,35～39歲,女,13615,13611,96,66,1964,269,6857,305,1328,180,432,42,376,116,1084,160,9,226,31,0,0,56,11,3,4
108年底,內湖區,40～44歲,計,24175,24168,341,156,3947,510,8739,391,3173,261,1404,137,1076,123,2851,218,7,651,68,0,0,63,46,6,7
108年底,內湖區,40～44歲,男,11191,11188,219,112,2164,265,3661,190,1207,131,623,78,508,77,1385,145,6,344,45,0,0,10,17,1,3
108年底,內湖區,40～44歲,女,12984,12980,122,44,1783,245,5078,201,1966,130,781,59,568,46,1466,73,1,307,23,0,0,53,29,5,4
108年底,內湖區,45～49歲,計,20671,20666,225,106,3013,363,6027,186,2564,133,2048,59,1465,134,3135,143,8,833,104,0,0,61,56,3,5
108年底,內湖區,45～49歲,男,9438,9434,142,70,1705,179,2553,82,993,63,918,36,655,81,1334,88,5,430,58,0,0,11,30,1,4
108年底,內湖區,45～49歲,女,11233,11232,83,36,1308,184,3474,104,1571,70,1130,23,810,53,1801,55,3,403,46,0,0,50,26,2,1
108年底,內湖區,50～54歲,計,21522,21511,269,120,2549,270,4996,202,2131,116,2703,80,1891,163,4132,170,2,1312,141,0,0,184,75,5,11
108年底,內湖區,50～54歲,男,9724,9719,184,82,1463,146,2110,66,873,49,1210,44,821,96,1646,102,2,647,77,0,0,60,38,3,5
108年底,內湖區,50～54歲,女,11798,11792,85,38,1086,124,2886,136,1258,67,1493,36,1070,67,2486,68,0,665,64,0,0,124,37,2,6
108年底,內湖區,55～59歲,計,22766,22751,276,61,1927,169,5074,194,1662,97,3077,118,2123,189,4564,225,2,2160,174,0,1,584,67,7,15
108年底,內湖區,55～59歲,男,10308,10303,200,44,1196,101,2410,82,711,32,1396,60,961,109,1618,117,1,1007,83,0,0,140,32,3,5
108年底,內湖區,55～59歲,女,12458,12448,76,17,731,68,2664,112,951,65,1681,58,1162,80,2946,108,1,1153,91,0,1,444,35,4,10
108年底,內湖區,60～64歲,計,21756,21735,215,23,1151,87,4751,192,1036,54,2781,95,2179,187,4434,225,4,2298,239,24,2,1644,105,9,21
108年底,內湖區,60～64歲,男,10067,10063,173,21,790,55,2491,84,472,25,1486,52,1074,96,1518,106,3,991,112,10,0,468,34,2,4
108年底,內湖區,60～64歲,女,11689,11672,42,2,361,32,2260,108,564,29,1295,43,1105,91,2916,119,1,1307,127,14,2,1176,71,7,17
108年底,內湖區,65歲以上,計,38453,37636,221,20,1122,63,6624,245,1283,76,2705,75,3649,277,4619,228,3,3442,523,527,72,10791,784,287,817
108年底,內湖區,65歲以上,男,17305,17241,185,16,859,45,4246,130,613,37,1612,36,1736,155,1971,105,2,1231,266,193,50,3531,167,55,64
108年底,內湖區,65歲以上,女,21148,20395,36,4,263,18,2378,115,670,39,1093,39,1913,122,2648,123,1,2211,257,334,22,7260,617,232,753
108年底,士林區,總計,計,247869,246700,2236,800,20840,4211,69283,15507,14810,2058,14107,708,16716,7030,30834,5452,833,15694,2898,288,64,19929,2012,390,1169
108年底,士林區,總計,男,118101,117958,1588,532,12002,2296,32393,8240,6478,1189,7077,410,8078,3745,13660,3207,377,7377,1504,122,38,6875,705,65,143
108年底,士林區,總計,女,129768,128742,648,268,8838,1915,36890,7267,8332,869,7030,298,8638,3285,17174,2245,456,8317,1394,166,26,13054,1307,325,1026
108年底,士林區,15～19歲,計,12475,12475,0,0,0,0,0,3307,0,46,0,4,223,4486,265,2256,535,205,727,0,0,26,395,0,0
108年底,士林區,15～19歲,男,6576,6576,0,0,0,0,0,1711,0,30,0,2,104,2340,165,1322,204,103,369,0,0,13,213,0,0
108年底,士林區,15～19歲,女,5899,5899,0,0,0,0,0,1596,0,16,0,2,119,2146,100,934,331,102,358,0,0,13,182,0,0
108年底,士林區,20～24歲,計,15412,15411,0,8,118,790,4216,7273,132,180,296,31,343,273,840,426,154,173,131,0,0,1,26,0,1
108年底,士林區,20～24歲,男,7965,7965,0,5,72,487,1878,3892,84,118,91,15,152,128,505,302,88,84,54,0,0,0,10,0,0
108年底,士林區,20～24歲,女,7447,7446,0,3,46,303,2338,3381,48,62,205,16,191,145,335,124,66,89,77,0,0,1,16,0,1
108年底,士林區,25～29歲,計,16812,16809,9,66,1769,763,9892,1610,269,206,145,5,281,193,1025,318,31,185,31,0,0,7,4,0,3
108年底,士林區,25～29歲,男,8597,8595,5,46,1105,413,4566,998,148,137,48,5,128,92,585,185,20,98,10,0,0,6,0,0,2
108年底,士林區,25～29歲,女,8215,8214,4,20,664,350,5326,612,121,69,97,0,153,101,440,133,11,87,21,0,0,1,4,0,1
108年底,士林區,30～34歲,計,19055,19054,88,123,2901,538,10483,842,649,296,241,10,438,198,1290,472,65,303,76,0,0,23,18,0,1
108年底,士林區,30～34歲,男,9156,9156,53,77,1622,282,4593,457,323,183,72,3,197,101,668,273,42,160,42,0,0,6,2,0,0
108年底,士林區,30～34歲,女,9899,9898,35,46,1279,256,5890,385,326,113,169,7,241,97,622,199,23,143,34,0,0,17,16,0,1
108年底,士林區,35～39歲,計,24462,24454,264,146,3734,596,10564,837,2266,522,618,107,806,389,2324,549,24,542,70,0,0,67,27,2,8
108年底,士林區,35～39歲,男,11686,11682,174,89,2038,300,4571,437,959,326,278,69,363,219,1176,332,8,286,36,0,0,14,6,1,4
108年底,士林區,35～39歲,女,12776,12772,90,57,1696,296,5993,400,1307,196,340,38,443,170,1148,217,16,256,34,0,0,53,21,1,4
108年底,士林區,40～44歲,計,22778,22766,293,127,3112,500,7575,494,3173,292,1152,121,1311,225,3125,229,6,771,99,0,0,116,43,2,12
108年底,士林區,40～44歲,男,10894,10888,186,85,1688,253,3298,215,1305,167,555,78,663,153,1525,143,6,451,57,0,0,40,18,2,6
108年底,士林區,40～44歲,女,11884,11878,107,42,1424,247,4277,279,1868,125,597,43,648,72,1600,86,0,320,42,0,0,76,25,0,6
108年底,士林區,45～49歲,計,20039,20035,245,116,2581,382,5163,212,2292,147,1804,59,1824,187,3339,189,4,1160,149,0,0,113,66,3,4
108年底,士林區,45～49歲,男,9589,9588,164,83,1403,201,2204,103,958,71,870,41,940,120,1501,122,1,659,83,0,0,34,29,1,1
108年底,士林區,45～49歲,女,10450,10447,81,33,1178,181,2959,109,1334,76,934,18,884,67,1838,67,3,501,66,0,0,79,37,2,3
108年底,士林區,50～54歲,計,20603,20589,282,94,2193,276,4378,228,1779,105,2164,70,2209,222,4115,230,4,1678,218,0,0,267,73,4,14
108年底,士林區,50～54歲,男,9754,9748,196,64,1205,140,1973,94,780,49,1076,40,1003,128,1744,144,4,851,120,0,0,101,34,2,6
108年底,士林區,50～54歲,女,10849,10841,86,30,988,136,2405,134,999,56,1088,30,1206,94,2371,86,0,827,98,0,0,166,39,2,8
108年底,士林區,55～59歲,計,21202,21184,321,61,1669,159,4179,187,1334,99,2329,108,2183,233,4291,249,1,2567,270,2,0,847,90,5,18
108年底,士林區,55～59歲,男,9839,9834,229,39,974,82,1869,73,604,34,1184,56,1070,128,1628,133,1,1286,144,0,0,267,31,2,5
108年底,士林區,55～59歲,女,11363,11350,92,22,695,77,2310,114,730,65,1145,52,1113,105,2663,116,0,1281,126,2,0,580,59,3,13
108年底,士林區,60～64歲,計,22099,22060,296,34,1189,95,4380,195,987,64,2355,100,2207,218,4279,238,7,2679,338,12,3,2245,132,7,39
108年底,士林區,60～64歲,男,10252,10238,225,26,764,60,2221,92,422,23,1211,58,1121,122,1527,117,3,1268,187,7,0,743,39,2,14
108年底,士林區,60～64歲,女,11847,11822,71,8,425,35,2159,103,565,41,1144,42,1086,96,2752,121,4,1411,151,5,3,1502,93,5,25
108年底,士林區,65歲以上,計,52932,51863,438,25,1574,112,8453,322,1929,101,3003,93,4891,406,5941,296,2,5431,789,274,61,16217,1138,367,1069
108年底,士林區,65歲以上,男,23793,23688,356,18,1131,78,5220,168,895,51,1692,43,2337,214,2636,134,0,2131,402,115,38,5651,323,55,105
108年底,士林區,65歲以上,女,29139,28175,82,7,443,34,3233,154,1034,50,1311,50,2554,192,3305,162,2,3300,387,159,23,10566,815,312,964
108年底,北投區,總計,計,219422,218258,2096,844,18021,3708,60355,13593,13112,2012,12781,741,13200,6350,28433,5177,1076,14459,2714,203,55,16882,2096,350,1164
108年底,北投區,總計,男,104051,103884,1480,556,10518,2010,27888,7070,5686,1160,6541,432,6303,3368,12572,3076,486,6938,1458,75,33,5362,793,79,167
108年底,北投區,總計,女,115371,114374,616,288,7503,1698,32467,6523,7426,852,6240,309,6897,2982,15861,2101,590,7521,1256,128,22,11520,1303,271,997
108年底,北投區,15～19歲,計,11483,11478,0,0,0,0,0,3075,0,49,0,6,195,4170,209,1906,678,172,579,0,0,32,407,0,5
108年底,北投區,15～19歲,男,5928,5925,0,0,0,0,0,1519,0,33,0,1,104,2107,127,1142,256,89,320,0,0,18,209,0,3
108年底,北投區,15～19歲,女,5555,5553,0,0,0,0,0,1556,0,16,0,5,91,2063,82,764,422,83,259,0,0,14,198,0,2
108年底,北投區,20～24歲,計,13596,13594,0,8,112,696,3826,6321,125,166,290,41,273,276,743,341,187,121,42,0,0,5,20,1,2
108年底,北投區,20～24歲,男,7017,7015,0,5,59,434,1721,3355,83,103,91,25,134,130,458,229,98,60,18,0,0,3,8,1,2
108年底,北投區,20～24歲,女,6579,6579,0,3,53,262,2105,2966,42,63,199,16,139,146,285,112,89,61,24,0,0,2,12,0,0
108年底,北投區,25～29歲,計,15114,15111,7,44,1557,638,8818,1318,312,227,166,6,208,149,995,409,53,166,33,0,0,3,1,1,3
108年底,北投區,25～29歲,男,7690,7690,5,28,960,350,4030,787,186,149,45,4,93,65,553,276,38,100,20,0,0,1,0,0,0
108年底,北投區,25～29歲,女,7424,7421,2,16,597,288,4788,531,126,78,121,2,115,84,442,133,15,66,13,0,0,2,1,1,3
108年底,北投區,30～34歲,計,16798,16795,71,115,2521,475,9062,722,626,297,275,9,341,151,1253,403,87,279,78,0,0,14,16,0,3
108年底,北投區,30～34歲,男,8289,8287,57,84,1460,228,4058,409,316,190,103,3,161,80,649,235,47,151,48,0,0,3,5,0,2
108年底,北投區,30～34歲,女,8509,8508,14,31,1061,247,5004,313,310,107,172,6,180,71,604,168,40,128,30,0,0,11,11,0,1
108年底,北投區,35～39歲,計,22358,22351,268,200,3354,534,9518,701,2206,487,607,138,612,349,2106,570,26,509,62,0,0,61,42,1,7
108年底,北投區,35～39歲,男,10708,10705,177,129,1931,285,4022,363,876,289,280,74,284,212,1089,337,22,290,28,0,0,6,11,0,3
108年底,北投區,35～39歲,女,11650,11646,91,71,1423,249,5496,338,1330,198,327,64,328,137,1017,233,4,219,34,0,0,55,31,1,4
108年底,北投區,40～44歲,計,21532,21521,347,159,2913,513,7286,437,2939,279,1162,120,1089,169,2827,230,12,770,132,0,0,69,65,3,11
108年底,北投區,40～44歲,男,10250,10243,241,108,1612,257,3105,196,1184,155,568,76,525,122,1335,163,7,465,74,0,0,19,29,2,7
108年底,北投區,40～44歲,女,11282,11278,106,51,1301,256,4181,241,1755,124,594,44,564,47,1492,67,5,305,58,0,0,50,36,1,4
108年底,北投區,45～49歲,計,19156,19141,273,136,2424,341,5007,191,2260,157,1826,64,1424,188,3202,219,6,1037,200,0,0,97,88,1,15
108年底,北投區,45～49歲,男,9014,9009,171,86,1305,177,2136,78,940,74,879,42,647,132,1418,129,3,599,117,0,0,23,53,0,5
108年底,北投區,45～49歲,女,10142,10132,102,50,1119,164,2871,113,1320,83,947,22,777,56,1784,90,3,438,83,0,0,74,35,1,10
108年底,北投區,50～54歲,計,18229,18210,309,97,1842,233,3714,186,1530,103,1999,82,1725,170,3784,246,8,1573,227,0,0,258,121,3,19
108年底,北投區,50～54歲,男,8513,8507,202,59,1034,119,1619,69,671,49,1038,37,752,100,1522,154,4,817,138,0,0,72,51,0,6
108年底,北投區,50～54歲,女,9716,9703,107,38,808,114,2095,117,859,54,961,45,973,70,2262,92,4,756,89,0,0,186,70,3,13
108年底,北投區,55～59歲,計,18810,18795,275,57,1279,135,3430,191,1009,92,2166,100,1739,204,4206,293,8,2507,256,1,0,731,108,8,15
108年底,北投區,55～59歲,男,8671,8665,189,34,773,71,1571,78,424,42,1146,67,804,127,1571,153,4,1244,133,0,0,177,54,3,6
108年底,北投區,55～59歲,女,10139,10130,86,23,506,64,1859,113,585,50,1020,33,935,77,2635,140,4,1263,123,1,0,554,54,5,9
108年底,北投區,60～64歲,計,18650,18628,232,14,859,73,3290,165,714,56,1926,94,1760,217,3995,248,4,2489,311,13,3,1993,161,11,22
108年底,北投區,60～64歲,男,8604,8600,174,10,545,36,1658,65,327,21,1073,59,922,125,1482,118,3,1191,150,1,2,584,51,3,4
108年底,北投區,60～64歲,女,10046,10028,58,4,314,37,1632,100,387,35,853,35,838,92,2513,130,1,1298,161,12,1,1409,110,8,18
108年底,北投區,65歲以上,計,43696,42634,314,14,1160,70,6404,286,1391,99,2364,81,3834,307,5113,312,7,4836,794,189,52,13619,1067,321,1062
108年底,北投區,65歲以上,男,19367,19238,264,13,839,53,3968,151,679,55,1318,44,1877,168,2368,140,4,1932,412,74,31,4456,322,70,129
108年底,北投區,65歲以上,女,24329,23396,50,1,321,17,2436,135,712,44,1046,37,1957,139,2745,172,3,2904,382,115,21,9163,745,251,933
